Date,Building,Room,Room_Capacity,Students_Present,Hours_Used,Electricity_kWh,Water_Liters,Classes_Scheduled
2026-09-01,Block A,A101,60,52,6,42,180,4
2026-09-01,Block A,A102,60,18,2,35,120,2
2026-09-01,Block B,B101,80,72,7,58,240,5
2026-09-01,Block B,B102,80,20,2,52,150,2
2026-09-01,Block C,C101,40,38,6,31,130,4
2026-09-01,Block C,C102,40,10,1,29,90,1
2026-09-02,Block A,A101,60,55,7,45,190,5
2026-09-02,Block A,A102,60,15,2,36,110,2
2026-09-02,Block B,B101,80,75,8,61,250,6
2026-09-02,Block B,B102,80,25,3,54,160,2
2026-09-02,Block C,C101,40,35,5,30,125,4
2026-09-02,Block C,C102,40,8,1,28,85,1
2026-09-03,Block A,A101,60,50,6,43,175,4
2026-09-03,Block A,A102,60,12,2,37,105,2
2026-09-03,Block B,B101,80,70,7,57,235,5
2026-09-03,Block B,B102,80,22,2,53,145,2
2026-09-03,Block C,C101,40,37,6,32,135,4
2026-09-03,Block C,C102,40,7,1,29,80,1